"Address","Occurrences","H1-1","H1-1 Length","Indexability","Indexability Status"
"https://kerkarmedia.com/","1","Mumbai’s B2B Digital Marketing & SEO Agency for SMEs & Manufacturers","68","Indexable",""
"https://kerkarmedia.com/benefits-of-digital-marketing-for-b2b/","1","12 Benefits of Digital Marketing for B2B Companies (2026 Guide)","63","Indexable",""
"https://kerkarmedia.com/core-web-vitals-guide/","1","Core Web Vitals 2026: LCP, INP, CLS and What They Actually Mean for Your Rankings","81","Indexable",""
"https://kerkarmedia.com/seo-company-in-hyderabad/","1","SEO Company In Hyderabad","24","Indexable",""
"https://kerkarmedia.com/seo-company-in-jaipur/","1","SEO Company In Jaipur","21","Indexable",""
"https://kerkarmedia.com/seo-company-in-delhi/","1","SEO Company In Delhi","20","Indexable",""
"https://kerkarmedia.com/linkedin-marketing-services/","1","LinkedIn Marketing Agency In Mumbai","35","Indexable",""
"https://kerkarmedia.com/terms-of-service/","1","Kerkar Media: Disclaimer and Copyright Notice","45","Indexable",""
"https://kerkarmedia.com/website-development-company-mumbai/","1","Stunning Websites That Actually Convert!","40","Indexable",""
"https://kerkarmedia.com/amazon-marketing/","1","Amazon Marketing Agency Mumbai","30","Indexable",""
"https://kerkarmedia.com/seo-company-for-law-firm/","1","SEO Company for Law Firms","25","Indexable",""
"https://kerkarmedia.com/html-sitemap/","1","Sitemap","7","Indexable",""
"https://kerkarmedia.com/author/kunal-kerkar/","1","Kunal Kerkar","12","Indexable",""
"https://kerkarmedia.com/seo-company-in-chennai/","1","SEO Company In Chennai","22","Indexable",""
"https://kerkarmedia.com/seo-company-in-bangalore/","1","SEO Company In Bangalore","24","Indexable",""
"https://kerkarmedia.com/seo-company-for-doctors/","1","SEO Company for Doctors","23","Indexable",""
"https://kerkarmedia.com/why-kerkar-media/","1","Why Kerkar Media","16","Indexable",""
"https://kerkarmedia.com/seo-company-for-real-estate/","1","SEO Company for Real Estate","27","Indexable",""
"https://kerkarmedia.com/seo-for-manufacturers/","1","SEO Company For Manufacturers","29","Indexable",""
"https://kerkarmedia.com/seo-company-for-automotive-industry/","1","SEO Company for Automotive Industry","35","Indexable",""
"https://kerkarmedia.com/b2b-seo-roi-calculator/","1","B2B SEO ROI Calculator","22","Indexable",""
"https://kerkarmedia.com/about/","1","About Kerkar Media | Who We Are","31","Indexable",""
"https://kerkarmedia.com/seo-company-in-kolkata/","1","SEO Company In Kolkata","22","Indexable",""
"https://kerkarmedia.com/digital-pr-b2b-link-building/","1","Digital PR for B2B: How to Earn Links from Industry Publications","64","Indexable",""
"https://kerkarmedia.com/seo-company-in-gurgaon/","1","SEO Company In Gurgaon","22","Indexable",""
"https://kerkarmedia.com/seo-company-for-restaurant/","1","SEO Company for Restaurants","27","Indexable",""
"https://kerkarmedia.com/seo-company-in-mumbai/","1","SEO Company In Mumbai","21","Indexable",""
"https://kerkarmedia.com/blogs/","1","Digital Marketing Blogs India","29","Indexable",""
"https://kerkarmedia.com/media-buying-and-planning/","1","Boost Your ROI with Performance Marketing!","42","Indexable",""
"https://kerkarmedia.com/contact-kerkar-media/","1","Contact Us Kerkar Media","23","Indexable",""
"https://kerkarmedia.com/seo/","1","SEO","3","Indexable",""
"https://kerkarmedia.com/seo-company-in-pune/","1","SEO Company In Pune","19","Indexable",""
"https://kerkarmedia.com/seo-company-in-ahmedabad/","1","SEO Company In Ahmedabad","24","Indexable",""
"https://kerkarmedia.com/kerkar-media-reviews/","1","Kerkar Media Reviews","20","Indexable",""
"https://kerkarmedia.com/seo-company-in-noida/","1","SEO Company In Noida","20","Indexable",""
"https://kerkarmedia.com/seo-company-in-chandigarh/","1","SEO Company In Chandigarh","25","Indexable",""
"https://kerkarmedia.com/seo-company-for-dentist/","1","SEO Company for Dentists","24","Indexable",""
"https://kerkarmedia.com/the-importance-of-keyword-research-for-seo/","1","The Importance of Keyword Research for SEO","42","Indexable",""
"https://kerkarmedia.com/seo-pricing-india-2026/","1","SEO Pricing in India 2026: What You Should Actually Pay (Honest Breakdown)","74","Indexable",""
"https://kerkarmedia.com/seo-for-manufacturers-tips/","1","SEO Tips For Manufacturing Companies","36","Indexable",""
"https://kerkarmedia.com/seo-for-automotive-industry/","1","SEO for Automotive Industry: The Complete Guide to Ranking & Generating Leads in 2026","85","Indexable",""
"https://kerkarmedia.com/top-b2b-marketing-strategies/","1","Top B2B Marketing Strategies","28","Indexable",""
"https://kerkarmedia.com/why-b2b-companies-need-seo/","1","Why B2B Companies Need SEO in 2026","34","Indexable",""
"https://kerkarmedia.com/linkedin-marketing/","1","Linkedin Marketing","18","Indexable",""
"https://kerkarmedia.com/benefits-of-seo/","1","10 Revenue Generating Benefits of SEO In 2024","45","Indexable",""
"https://kerkarmedia.com/seo-agency-for-long-term-roi/","1","SEO Agency For Long Term ROI: How To Choose One In 2026","55","Indexable",""
"https://kerkarmedia.com/what-are-backlinks/","1","What Are Backlinks & Why They Matter for SEO In 2025","52","Indexable",""
"https://kerkarmedia.com/seo-strategy/","1","How to Create a Result-Driven SEO Strategy","42","Indexable",""
"https://kerkarmedia.com/seo-packages/","1","SEO Packages and Pricing in India","33","Indexable",""
"https://kerkarmedia.com/technical-seo-audit-50-point-checklist-2026/","1","Technical SEO Audit: The Complete 50-Point Checklist for 2026","61","Indexable",""
"https://kerkarmedia.com/site-migration-seo/","1","Site Migration SEO: How to Change Domain Without Losing Rankings (2026)","71","Indexable",""
"https://kerkarmedia.com/data-driven-marketing/","1","A Guide Through Data Driven Marketing","37","Indexable",""
"https://kerkarmedia.com/seo-for-real-estate/","1","SEO for Real Estate in India: How Builders and Brokers Win on Google (2026)","75","Indexable",""
"https://kerkarmedia.com/what-is-seo/","1","Guide To What Is SEO: Meaning, Examples, and Site Optimization","62","Indexable",""
"https://kerkarmedia.com/seo-audit-checklist/","1","SEO Audit Checklist","19","Indexable",""
"https://kerkarmedia.com/25-actionable-seo-tips-to-boost-your-organic-traffic/","1","25 Actionable SEO Tips To Boost Your Organic Traffic","52","Indexable",""
"https://kerkarmedia.com/what-is-an-seo-company/","1","What Is An SEO Company?","23","Indexable",""
"https://kerkarmedia.com/seo-for-doctors/","1","SEO For Doctors: Guide to Growing Your Medical Practice Online [2026]","69","Indexable",""
"https://kerkarmedia.com/importance-of-seo-agency-in-2026/","1","Importance of an SEO Agency in 2026","35","Indexable",""
"https://kerkarmedia.com/types-of-seo/","1","Types of SEO: A Complete Guide to Every SEO Category in 2026","60","Indexable",""
"https://kerkarmedia.com/seo-marketing/","1","What Entrepreneurs Need to Know About SEO Marketing","51","Indexable",""
"https://kerkarmedia.com/choosing-the-right-seo-company-in-mumbai/","1","How To Choose An SEO Company In 2026","36","Indexable",""
"https://kerkarmedia.com/seo-for-ecommerce/","1","SEO for Ecommerce: The Complete Strategy to Rank and Sell in 2026","65","Indexable",""
"https://kerkarmedia.com/seo-for-chemical-manufacturers/","1","SEO for Chemical Manufacturers: How to Generate Inbound Enquiries from Industrial Buyers","88","Indexable",""
"https://kerkarmedia.com/google-my-business/","1","Google My Business: Latest Guide to Google Business Profile","59","Indexable",""
"https://kerkarmedia.com/seo-for-schools/","1","SEO for Schools : Increase Enrolments With Google in 2026","57","Indexable",""
"https://kerkarmedia.com/digital-marketing-courses-in-mumbai/","1","Digital Marketing Courses in Mumbai","35","Indexable",""
"https://kerkarmedia.com/what-is-aeo-answer-engine-optimization/","1","What Is AEO (Answer Engine Optimization) & Why It Matters in 2026","65","Indexable",""
"https://kerkarmedia.com/internal-linking-strategy-b2b-seo/","1","Internal Linking Strategy: How to Structure a B2B Website for SEO","65","Indexable",""
"https://kerkarmedia.com/seo-for-dentists/","1","SEO for Dentists: The Complete Guide to Growing Your Dental Practice Online (2026)","82","Indexable",""
"https://kerkarmedia.com/b2b-lead-generation-complete-guide/","1","B2B Lead Generation: The Complete Guide for (2026)","50","Indexable",""
"https://kerkarmedia.com/google-my-business-seo/","1","Google My Business SEO : How to Optimise Your GMB Profile for Rankings","70","Indexable",""
"https://kerkarmedia.com/seo-for-exporters-indian-manufacturers/","1","SEO for Exporters: How Indian Manufacturers Can Rank for International Buyers","77","Indexable",""
"https://kerkarmedia.com/best-seo-tools-2026/","1","Best SEO Tools in 2026: What a Mumbai SEO Agency Actually Uses","62","Indexable",""
"https://kerkarmedia.com/media-strategy/","1","How To Craft An Excellent Media Strategy","40","Indexable",""
"https://kerkarmedia.com/301-vs-302-redirects-seo-guide/","1","301 vs 302 Redirects: SEO Impact, When to Use Each, and How to Implement","72","Indexable",""
"https://kerkarmedia.com/benefits-of-seo-for-small-business/","1","12 Benefits Of SEO For Small Business","37","Indexable",""
"https://kerkarmedia.com/seo-for-saas/","1","SEO for SaaS : The Complete Strategy Guide to Rank and Grow in 2026","67","Indexable",""
"https://kerkarmedia.com/how-to-optimise-linkedin-profile/","1","How to Optimise Your LinkedIn Profile in 2026","45","Indexable",""
"https://kerkarmedia.com/the-importance-of-digital-marketing-for-small-businesses-in-2020/","1","The Importance of Digital Marketing for Small Businesses in 2026","64","Indexable",""
"https://kerkarmedia.com/how-to-rank-in-chatgpt-perplexity-ai-overviews/","1","How to Rank in ChatGPT, Perplexity & Google AI Overviews: The 2026 Playbook","75","Indexable",""
"https://kerkarmedia.com/on-page-seo-complete-guide-2026/","1","On-Page SEO: The Complete 2026 Guide (Title Tags, Meta Descriptions, Headings, Internal Links)","94","Indexable",""
"https://kerkarmedia.com/facebook-marketing-strategy-for-business/","1","Create A Killer Facebook Marketing Strategy In 7 Easy Steps","59","Indexable",""
"https://kerkarmedia.com/seo-for-b2b-marketing/","1","SEO for B2B Marketing: The Complete Strategy Guide (2026)","57","Indexable",""
"https://kerkarmedia.com/schema-markup-guide/","1","Schema Markup Guide 2026: Every Type, When to Use It, and How to Implement","74","Indexable",""
"https://kerkarmedia.com/seo-for-industrial-suppliers-distributors/","1","SEO for Industrial Suppliers and Distributors: Get Found by B2B Buyers Online","77","Indexable",""
"https://kerkarmedia.com/complete-eeat-guide/","1","The Complete E-E-A-T Guide for 2026: Building Trust Signals That Google Rewards","79","Indexable",""
"https://kerkarmedia.com/seo-for-law-firms/","1","SEO for Law Firms: The Complete 2026 Strategy Guide","51","Indexable",""
"https://kerkarmedia.com/lead-generation-for-manufacturing-company/","1","Lead Generation for Manufacturing Company: The Complete B2B Strategy Guide (2026)","81","Indexable",""
"https://kerkarmedia.com/seo-for-hotels/","1","SEO for Hotels : The Complete Guide to Driving Direct Bookings in 2026","70","Indexable",""
"https://kerkarmedia.com/social-media-marketing-strategy/","1","Reasons To Have A Social Media Strategy For Your Business","57","Indexable",""
"https://kerkarmedia.com/digital-marketing-trends/","1","12 Digital Marketing Trends That Will Own 2024","46","Indexable",""
"https://kerkarmedia.com/internal-linking-strategy-b2b-seo-2026/","1","Internal Linking Strategy: How to Structure a B2B Website for SEO in 2026","73","Indexable",""
"https://kerkarmedia.com/social-media-management-tools/","1","12 Best Social Media Management Tools","37","Indexable",""
"https://kerkarmedia.com/importance-of-digital-marketing/","1","Importance of Digital Marketing In Business","43","Indexable",""
"https://kerkarmedia.com/what-is-linkedin-marketing/","1","What Is LinkedIn Marketing? Updated Guide (2026)","48","Indexable",""
"https://kerkarmedia.com/seo-for-restaurants/","1","SEO for Restaurants: The Complete Guide to Ranking Higher and Filling More Tables (2026)","88","Indexable",""
"https://kerkarmedia.com/nap-in-seo/","1","NAP in SEO : Why Name, Address & Phone Consistency Is Non-Negotiable","68","Indexable",""
"https://kerkarmedia.com/how-to-write-a-linkedin-post/","1","How to Write a LinkedIn Post: 10 Formats That Get Results","57","Indexable",""
"https://kerkarmedia.com/how-to-write-content-for-local-seo/","1","How to Write Content for Local SEO: A Complete Strategy Guide for Business Owners","81","Indexable",""
"https://kerkarmedia.com/how-ai-is-changing-seo/","1","How AI Is Changing SEO in 2026: The Kerkar Media Method","55","Indexable",""
"https://kerkarmedia.com/off-page-seo/","1","Off-Page SEO & Link Building for B2B: The 2026 Strategy Guide","61","Indexable",""
"https://kerkarmedia.com/seo-for-architects/","1","SEO for Architects : How to Get More Clients Online [2026]","58","Indexable",""
"https://kerkarmedia.com/inbound-b2b-lead-generation/","1","Inbound B2B Lead Generation Build a Compounding Pipeline","56","Indexable",""
"https://kerkarmedia.com/keyword-research-for-b2b/","1","How to Do Keyword Research for B2B (with Ahrefs & Google Search Console)","72","Indexable",""
"https://kerkarmedia.com/instagram-for-restaurants/","1","10 Tips To Create A Social Media Marketing Strategy For Restaurants","67","Indexable",""
"https://kerkarmedia.com/linkedin-marketing-strategy/","1","LinkedIn Marketing Strategy for B2B Lead Generation","51","Indexable",""
"https://kerkarmedia.com/content-marketing-trends/","1","Content Marketing Trends That Will Shape The Digital Space In 2021","66","Indexable",""
"https://kerkarmedia.com/what-is-local-seo/","1","What Is Local SEO & Why It Matters for Your Business In 2026","60","Indexable",""
"https://kerkarmedia.com/seo-vs-google-ads-b2b-india/","1","SEO vs Google Ads: Which Is Better for B2B Companies in India?","62","Indexable",""
"https://kerkarmedia.com/seo-for-packaging-manufacturers/","1","SEO for Packaging Manufacturers: Turn Your Product Catalogue Into a Lead Engine","79","Indexable",""
"https://kerkarmedia.com/technical-seo-checklist/","1","Technical SEO Checklist 2026: The Complete Step-by-Step Guide","61","Indexable",""
"https://kerkarmedia.com/seo-for-healthcare/","1","SEO for Healthcare : Grow Your Hospital or Clinic Online (2026)","63","Non-Indexable","noindex"
"https://kerkarmedia.com/digital-pr-b2b-link-building-2026/","1","Digital PR for B2B: How to Earn Links from Industry Publications (2026)","71","Non-Indexable","noindex"
