"Address","Occurrences","Meta Description 1","Meta Description 1 Length","Meta Description 1 Pixel Width","Indexability","Indexability Status"
"https://kerkarmedia.com/","1","Unlock Online Marketing Growth With Kerkar Media, An ROI Driven Digital Marketing Company In Mumbai built to help grow your business! ☎ Call 9372848796","151","968","Indexable",""
"https://kerkarmedia.com/benefits-of-digital-marketing-for-b2b/","1","Discover the real benefits of digital marketing for B2B: shorter sales cycles, lower CAC, qualified pipeline, and measurable ROI. A practical 2026 guide from Kerkar Media.","171","1033","Indexable",""
"https://kerkarmedia.com/core-web-vitals-guide/","1","The complete 2026 Core Web Vitals guide from a Mumbai SEO agency. LCP, INP, CLS explained in plain language, how they affect rankings, and a practical optimisation playbook.","173","1096","Indexable",""
"https://kerkarmedia.com/seo-company-in-hyderabad/","1","Our SEO company in Hyderabad executes the latest SEO strategies that help SME's Businesses to increase their online visibility and attract new customers!","153","952","Indexable",""
"https://kerkarmedia.com/seo-company-in-jaipur/","1","Our SEO company in Jaipur executes the latest SEO strategies that help SME's Businesses to increase their online visibility and attract new customers!","150","923","Indexable",""
"https://kerkarmedia.com/seo-company-in-delhi/","1","Our SEO company in Delhi executes the latest SEO strategies that help SME's Businesses to increase their online visibility and attract new customers!","149","913","Indexable",""
"https://kerkarmedia.com/linkedin-marketing-services/","1","Grow your brand with expert LinkedIn marketing agency. Target professionals, generate leads and build authority with Kerkar Media.","130","818","Indexable",""
"https://kerkarmedia.com/terms-of-service/","1","Every effort has been made to ensure the accuracy and completeness of the information provided on this website (kerkarmedia.com). However, errors and","149","950","Indexable",""
"https://kerkarmedia.com/website-development-company-mumbai/","1","Need A Customised And Responsive Website For Your Brand? We Are A Professional Website Designing And Website Development Company In Mumbai.","139","934","Indexable",""
"https://kerkarmedia.com/amazon-marketing/","1","Looking to boost sales and generate quality leads through Amazon Marketing? We’ve executed over 100 successful campaigns that deliver impressive results.","153","973","Indexable",""
"https://kerkarmedia.com/seo-company-for-law-firm/","1","Kerkar Media is an SEO Company for Law Firm. Based in Mumbai, We Offer ROI-driven SEO strategies and digital growth.","116","744","Indexable",""
"https://kerkarmedia.com/html-sitemap/","1","Explore our comprehensive sitemap to easily navigate and access all the pages on our website. Find everything you need in one place with a organized structure.","159","986","Indexable",""
"https://kerkarmedia.com/author/kunal-kerkar/","1","Kunal Kerkar is the Founder and CEO of Kerkar Media, a full-service SEO, and digital marketing agency. Kunal has over 8 years of experience in the online marketing space and is considered an expert in his field. He has worked with some of the biggest brands in India, including Urbanic, Chitkara University, Himgiri Motors, and IIDE.","333","2022","Indexable",""
"https://kerkarmedia.com/seo-company-in-chennai/","1","Our SEO company in Chennai executes the latest SEO strategies that help SME's Businesses to increase their online visibility and attract new customers!","151","934","Indexable",""
"https://kerkarmedia.com/seo-company-in-bangalore/","1","Our SEO company in Bangalore executes the latest SEO strategies that help SME's Businesses to increase their online visibility and attract new customers!","153","947","Indexable",""
"https://kerkarmedia.com/seo-company-for-doctors/","1","Kerkar Media is an SEO Company for Doctors. Based in Mumbai, We Offer ROI-driven SEO strategies and digital growth.","115","735","Indexable",""
"https://kerkarmedia.com/why-kerkar-media/","1","Why Kerkar Media? Understand What Sets Us Apart With Our ROI Driven Digital Marketing Services.","95","609","Indexable",""
"https://kerkarmedia.com/seo-company-for-real-estate/","1","Kerkar Media is an SEO Company for Real Estate. Based in Mumbai, We Offer ROI-driven SEO strategies and digital growth.","119","756","Indexable",""
"https://kerkarmedia.com/seo-for-manufacturers/","1","SEO Company for manufacturers that generates inbound leads not just traffic. Technical SEO, content, and link building built for industrial B2B.","144","881","Indexable",""
"https://kerkarmedia.com/seo-company-for-automotive-industry/","1","Kerkar Media is an SEO Company for Automotive Industry. Based in Mumbai, We Offer ROI-driven SEO strategies and digital growth.","127","813","Indexable",""
"https://kerkarmedia.com/b2b-seo-roi-calculator/","1","Kerkar Media helps B2B manufacturers generate qualified leads with ROI-driven SEO. Rank higher, build a predictable sales pipeline. Free SEO Audit!","147","908","Indexable",""
"https://kerkarmedia.com/about/","1","We Are The Best Digital Marketing Service Company In Mumbai Providing Excellent Digital Marketing Services And Enhancing Your Brand Equity.","139","885","Indexable",""
"https://kerkarmedia.com/seo-company-in-kolkata/","1","Kerkar Media helps Kolkata's manufacturers, traders and B2B businesses generate inbound leads through compounding organic SEO across East India. Free audit.","156","1005","Indexable",""
"https://kerkarmedia.com/digital-pr-b2b-link-building/","1","The complete B2B Digital PR guide for 2026. How to earn editorial links from Economic Times, LiveMint, trade publications, and industry podcasts. A Mumbai agency's field-tested approach.","186","1160","Indexable",""
"https://kerkarmedia.com/seo-company-in-gurgaon/","1","Our SEO company in Gurgaon executes the latest SEO strategies that help SME's Businesses to increase their online visibility and attract new customers!","151","938","Indexable",""
"https://kerkarmedia.com/seo-company-for-restaurant/","1","Kerkar Media is an SEO Company for Restaurant. Based in Mumbai, We Offer ROI-driven SEO strategies and digital growth.","118","756","Indexable",""
"https://kerkarmedia.com/seo-company-in-mumbai/","1","SEO Company In Mumbai trusted by 200+businesses across India, UAE & UK. 9 years of turning organic search into qualified leads For B2B Businesses","145","928","Indexable",""
"https://kerkarmedia.com/blogs/","1","Be Updated With All The Latest Trends In The Industry From SEO To Social Media With Kerkar Media's Digital Marketing Blogs India 2026.","134","841","Indexable",""
"https://kerkarmedia.com/media-buying-and-planning/","1","Achieve Your Advertising Goals With Our Strategic Media Buying And Planning Services. Optimize Your Budget And Maximize Roi For Effective Campaigns","147","945","Indexable",""
"https://kerkarmedia.com/contact-kerkar-media/","1","Planning To Hire The Best Digital Marketing Company In Mumbai? Get In Touch With Us For Availing Excellent Digital Marketing Services.","134","838","Indexable",""
"https://kerkarmedia.com/seo/","1","Browse Kerkar Media's SEO blog for actionable strategies, industry-specific guides, and expert tips on ranking higher and generating leads","138","848","Indexable",""
"https://kerkarmedia.com/seo-company-in-pune/","1","Our SEO company in Pune executes the latest SEO strategies that help SME's Businesses to increase their online visibility and attract new customers!","148","915","Indexable",""
"https://kerkarmedia.com/seo-company-in-ahmedabad/","1","Our SEO company in Ahmedabad executes the latest SEO strategies that help SME's Businesses to increase their online visibility and attract new customers!","153","959","Indexable",""
"https://kerkarmedia.com/kerkar-media-reviews/","1","Discover Kerkar Media Reviews, a Mumbai-based digital marketing agency. See how our ROI-driven strategies help businesses achieve growth.","137","876","Indexable",""
"https://kerkarmedia.com/seo-company-in-noida/","1","Most SEO agencies in Noida chase rankings. Kerkar Media builds organic lead pipelines for B2B brands, qualified buyers, not just traffic. Free Audit!","149","904","Indexable",""
"https://kerkarmedia.com/seo-company-in-chandigarh/","1","Our SEO company in Chandigarh executes the latest SEO strategies that help SME's Businesses to increase their online visibility and attract new customers!","154","956","Indexable",""
"https://kerkarmedia.com/seo-company-for-dentist/","1","Kerkar Media is an SEO Company for Dentist. Based in Mumbai, We Offer ROI-driven SEO strategies and digital growth.","115","730","Indexable",""
"https://kerkarmedia.com/the-importance-of-keyword-research-for-seo/","1","Learn why keyword research is the foundation of every successful SEO strategy. This complete guide covers keyword types, tools, intent mapping, and how to build a keyword architecture that drives real pipeline.","210","1298","Indexable",""
"https://kerkarmedia.com/seo-pricing-india-2026/","1","An honest 2026 breakdown of SEO pricing in India from a Mumbai agency. Monthly retainers, project pricing, per-service costs, what you actually get at each tier, and what is overpriced.","185","1136","Indexable",""
"https://kerkarmedia.com/seo-for-manufacturers-tips/","1","Discover 12 actionable SEO tips for manufacturing companies. Learn how to rank on Google, attract procurement buyers, and turn organic traffic into leads!","154","963","Indexable",""
"https://kerkarmedia.com/seo-for-automotive-industry/","1","Learn how SEO for the automotive industry works — from dealerships and spare parts exporters to auto ancillaries and EV brands. A complete, actionable guide by Kerkar Media.","173","1090","Indexable",""
"https://kerkarmedia.com/top-b2b-marketing-strategies/","1","Explore the most effective B2B marketing strategies for generating high-quality leads in 2026. From SEO to content marketing, learn what drives real pipeline growth for B2B businesses.","184","1136","Indexable",""
"https://kerkarmedia.com/why-b2b-companies-need-seo/","1","Discover why B2B companies need SEO in 2026. Learn how search drives B2B buying decisions and delivers compounding ROI that paid ads cannot match.","146","957","Indexable",""
"https://kerkarmedia.com/linkedin-marketing/","1","Explore LinkedIn marketing tips, B2B strategies, and actionable guides curated by Kerkar Media. Learn how to grow your brand, and drive results on LinkedIn.","156","969","Indexable",""
"https://kerkarmedia.com/benefits-of-seo/","1","Discover the top revenue-generating benefits of SEO for your business. From credibility and cost savings to compounding organic traffic, learn why SEO is essential in 2025.","172","1056","Indexable",""
"https://kerkarmedia.com/seo-agency-for-long-term-roi/","1","Learn how to choose an SEO agency that delivers long-term ROI. Understand the 4 pillars of professional SEO, realistic timelines, and how Kerkar Media drives measurable revenue growth.","184","1150","Indexable",""
"https://kerkarmedia.com/what-are-backlinks/","1","What are backlinks in SEO? Learn how backlinks work, the types that drive rankings, how to earn high-quality links, and what to avoid in 2026.","142","871","Indexable",""
"https://kerkarmedia.com/seo-strategy/","1","Here's A Complete Guide For Creating A Top-Notch SEO Strategy That Actually Works! Explained With SEO Case Studies For Better Understanding.","140","898","Indexable",""
"https://kerkarmedia.com/seo-packages/","1","Choose result-driven SEO packages tailored for startups, SMEs and enterprises. Transparent pricing, ethical SEO and measurable growth with Kerkar Media.","152","961","Indexable",""
"https://kerkarmedia.com/technical-seo-audit-50-point-checklist-2026/","1","The complete 2026 technical SEO audit checklist from a Mumbai agency. 50 practical checks covering crawlability, indexing, Core Web Vitals, schema, hreflang, redirects, and more.","178","1103","Indexable",""
"https://kerkarmedia.com/site-migration-seo/","1","The complete 2026 site migration SEO guide from a Mumbai agency. Domain migrations, CMS moves, HTTPS upgrades, URL restructures. Pre-launch checklist, redirect strategy, and post-launch recovery.","195","1250","Indexable",""
"https://kerkarmedia.com/data-driven-marketing/","1","Learn how data-driven marketing works and how to implement it in your business. Covers analytics setup, customer data strategy, attribution modelling, personalisation, and measuring marketing ROI.","196","1233","Indexable",""
"https://kerkarmedia.com/seo-for-real-estate/","1","Learn how builders and brokers use SEO for real estate in India to rank on Google, generate qualified leads, and dominate local property searches.","146","895","Indexable",""
"https://kerkarmedia.com/what-is-seo/","1","What is SEO? This ultimate guide explains the meaning of search engine optimisation, how it works, the different types, and how businesses use SEO to drive organic traffic and revenue growth.","191","1183","Indexable",""
"https://kerkarmedia.com/seo-audit-checklist/","1","Use this comprehensive SEO audit checklist to identify and fix the technical, on-page, and off-page issues holding your website back. A step-by-step guide covering every major audit area.","187","1142","Indexable",""
"https://kerkarmedia.com/25-actionable-seo-tips-to-boost-your-organic-traffic/","1","Discover 25 proven, actionable SEO tips to boost your organic traffic and generate more qualified leads. From technical fixes to content strategy and link building, these tips work for any business.","198","1198","Indexable",""
"https://kerkarmedia.com/what-is-an-seo-company/","1","What is an SEO company and what do they actually do? This complete guide explains SEO company services, how they work, what to look for, and why Kerkar Media is trusted across India.","182","1156","Indexable",""
"https://kerkarmedia.com/seo-for-doctors/","1","Learn how SEO for doctors works in 2026. Discover proven strategies for local SEO, Google Business Profile, medical content & patient trust signals","147","906","Indexable",""
"https://kerkarmedia.com/importance-of-seo-agency-in-2026/","1","Discover why the importance of an SEO agency has never been greater in 2026. AI search, Core Web Vitals, and rising competition mean professional SEO expertise is now a business-critical investment.","198","1235","Indexable",""
"https://kerkarmedia.com/types-of-seo/","1","Discover all the types of SEO including technical, on-page, off-page, local, and e-commerce SEO. Learn how each type works, when to use it, and how they combine for maximum search visibility.","191","1184","Indexable",""
"https://kerkarmedia.com/seo-marketing/","1","Understand SEO marketing from an entrepreneur's perspective. Learn how organic search drives revenue, what a professional SEO marketing programme looks like, and how to choose the right approach for your business.","213","1361","Indexable",""
"https://kerkarmedia.com/choosing-the-right-seo-company-in-mumbai/","1","Discover how to choose the right SEO company in Mumbai with our expert 2026 guide.","82","532","Indexable",""
"https://kerkarmedia.com/seo-for-ecommerce/","1","Learn how to build an SEO strategy for ecommerce that drives organic traffic, improves product rankings, and increases revenue.","127","794","Indexable",""
"https://kerkarmedia.com/seo-for-chemical-manufacturers/","1","Discover how SEO for chemical manufacturers drives inbound enquiries from industrial buyers. Learn keyword strategy, technical SEO, content marketing, and lead generation tactics built for B2B chemical companies.","212","1331","Indexable",""
"https://kerkarmedia.com/google-my-business/","1","Master Google My Business with our complete 2026 guide. Learn how to set up, optimise, and manage your Google Business Profile to dominate local search and drive more customers to your business.","194","1239","Indexable",""
"https://kerkarmedia.com/seo-for-schools/","1","Use SEO for schools to attract more admissions, rank locally & earn parent trust. Explore Kerkar Media's step-by-step 2026 guide for India's top institutions.","158","955","Indexable",""
"https://kerkarmedia.com/digital-marketing-courses-in-mumbai/","1","Looking for digital marketing courses in Mumbai? This guide covers what to look for in a course, the key topics every programme should cover, and how to choose between classroom, online, and agency-led learning.","211","1319","Indexable",""
"https://kerkarmedia.com/what-is-aeo-answer-engine-optimization/","1","AEO (Answer Engine Optimization) is how your brand gets cited by ChatGPT, Perplexity and Google AI Overviews. A Mumbai agency breakdown of AEO vs SEO, ranking signals, schema, and an India playbook for 2026.","207","1335","Indexable",""
"https://kerkarmedia.com/internal-linking-strategy-b2b-seo/","1","Complete 2026 guide to B2B internal linking strategy. Topic clusters, hub-and-spoke architecture, anchor text, pillar page planning, and how internal links improve both rankings and AI citation rates.","200","1213","Indexable",""
"https://kerkarmedia.com/seo-for-dentists/","1","Learn how SEO for dentists works, from local search optimisation and Google Business Profile to content strategy and technical fixes.","133","824","Indexable",""
"https://kerkarmedia.com/b2b-lead-generation-complete-guide/","1","B2B lead generation explained: channels, funnel stages, lead types, metrics, and a practical framework for choosing what works for your business in 2026.","153","949","Indexable",""
"https://kerkarmedia.com/google-my-business-seo/","1","Learn Google My Business SEO for local rankings. Covers categories, reviews, posts, photos, Q&A, and the Map Pack GMB optimisation strategies.","142","901","Indexable",""
"https://kerkarmedia.com/seo-for-exporters-indian-manufacturers/","1","SEO for exporters in India works differently. This guide covers exactly how Indian manufacturers build an international SEO strategy that gets global buyers","156","956","Indexable",""
"https://kerkarmedia.com/best-seo-tools-2026/","1","An honest 2026 breakdown of the best SEO tools from a Mumbai agency. Ahrefs vs Semrush, free vs paid, technical vs content tools, and the exact stack Kerkar Media uses every day.","178","1123","Indexable",""
"https://kerkarmedia.com/media-strategy/","1","Learn how to create a media strategy that drives measurable ROI. This 8-step guide covers media planning, channel selection, budget allocation, and performance measurement for businesses in 2026.","195","1231","Indexable",""
"https://kerkarmedia.com/301-vs-302-redirects-seo-guide/","1","The definitive 2026 guide to 301 and 302 redirects. SEO impact, when to use each, link equity transfer, implementation on WordPress, Apache, Nginx, Cloudflare, and common mistakes that tank rankings.","199","1248","Indexable",""
"https://kerkarmedia.com/benefits-of-seo-for-small-business/","1","Discover the real benefits of SEO for small business, from cutting customer acquisition costs to outranking bigger competitors.","127","779","Indexable",""
"https://kerkarmedia.com/seo-for-saas/","1","Master SEO for SaaS companies with proven strategies for product-led growth, trial signups, and MRR. Learn keyword mapping, technical SEO","137","877","Indexable",""
"https://kerkarmedia.com/how-to-optimise-linkedin-profile/","1","Complete LinkedIn profile optimisation checklist for 2026. Every section covered with practical examples for B2B professionals, founders, and job seekers.","154","946","Indexable",""
"https://kerkarmedia.com/the-importance-of-digital-marketing-for-small-businesses-in-2020/","1","Discover why digital marketing is essential for small business growth in 2026. Learn which channels deliver the best ROI, how to build a strategy on a limited budget, and how to compete with larger brands online.","212","1298","Indexable",""
"https://kerkarmedia.com/how-to-rank-in-chatgpt-perplexity-ai-overviews/","1","A Mumbai SEO agency's field-tested playbook for ranking in ChatGPT, Perplexity, and Google AI Overviews. Generative Engine Optimization (GEO) explained: retrieval, synthesis, citation tactics, and the 90-day rollout.","216","1323","Indexable",""
"https://kerkarmedia.com/on-page-seo-complete-guide-2026/","1","The complete 2026 on-page SEO guide from a Mumbai agency. Title tags, meta descriptions, headings, internal links, content structure, and how on-page SEO changed for AEO and GEO.","178","1139","Indexable",""
"https://kerkarmedia.com/facebook-marketing-strategy-for-business/","1","Build a result-driven Facebook marketing strategy in 7 clear steps. Covers page setup, content planning, paid advertising, audience targeting, retargeting, and measuring ROI for business growth.","194","1193","Indexable",""
"https://kerkarmedia.com/seo-for-b2b-marketing/","1","Master SEO for B2B marketing with our in-depth guide covering keyword research, content strategy, technical SEO that drive qualified leads for B2B companies","156","978","Indexable",""
"https://kerkarmedia.com/schema-markup-guide/","1","The complete 2026 schema markup guide. Every major schema type, when to use each, JSON-LD implementation examples, and why schema now matters more for AEO and GEO than for traditional SERP features.","198","1312","Indexable",""
"https://kerkarmedia.com/seo-for-industrial-suppliers-distributors/","1","Discover how SEO for industrial suppliers and distributors attracts B2B buyers, generates inbound enquiries, and grows revenue through organic search. A complete strategy guide from Kerkar Media.","195","1225","Indexable",""
"https://kerkarmedia.com/complete-eeat-guide/","1","E-E-A-T (Experience, Expertise, Authoritativeness, Trustworthiness) explained for 2026. A Mumbai SEO agency's field guide to building trust signals for YMYL and AI-era SEO.","172","1060","Indexable",""
"https://kerkarmedia.com/seo-for-law-firms/","1","Discover proven SEO for law firms to rank higher on Google, attract qualified clients, and outrank competitors.","111","676","Indexable",""
"https://kerkarmedia.com/lead-generation-for-manufacturing-company/","1","Discover proven strategies for lead generation for manufacturing company. Learn how to fill your B2B sales pipeline consistently.","129","795","Indexable",""
"https://kerkarmedia.com/seo-for-hotels/","1","Learn how hotel SEO drives direct bookings, reduces OTA commission dependency, and builds long-term organic visibility.","119","747","Indexable",""
"https://kerkarmedia.com/social-media-marketing-strategy/","1","Discover the key reasons to have a social media marketing strategy and how to build one that drives real business results. Covers platform selection, content planning, and performance measurement.","196","1226","Indexable",""
"https://kerkarmedia.com/digital-marketing-trends/","1","Stay ahead of the curve with the top digital marketing trends shaping business growth in 2026. From AI search and zero-click results to hyper-personalisation and performance marketing evolution.","194","1209","Indexable",""
"https://kerkarmedia.com/internal-linking-strategy-b2b-seo-2026/","1","Complete 2026 guide to B2B internal linking strategy. Topic clusters, hub-and-spoke architecture, anchor text, pillar page planning, and how internal links improve both rankings and AI citation rates.","200","1213","Indexable",""
"https://kerkarmedia.com/social-media-management-tools/","1","Discover the best social media management tools for 2026. Compare features, pricing, and use cases to find the right platform","125","778","Indexable",""
"https://kerkarmedia.com/importance-of-digital-marketing/","1","Discover the true importance of digital marketing for business growth in 2026. Learn how SEO, social media, and paid ads drive measurable ROI for businesses","156","976","Indexable",""
"https://kerkarmedia.com/what-is-linkedin-marketing/","1","LinkedIn marketing turns a billion-member professional network into a B2B lead engine. Learn how it works, what to post, and how campaigns convert.","147","930","Indexable",""
"https://kerkarmedia.com/seo-for-restaurants/","1","SEO for restaurants with proven strategies covering Google Business Profile, local keywords, menu pages, online reviews.Turn searches into reservations.","152","945","Indexable",""
"https://kerkarmedia.com/nap-in-seo/","1","Learn what NAP in SEO means, why inconsistent citations drag down your local rankings, how to audit your NAP data, and how to fix it across every directory.","156","974","Indexable",""
"https://kerkarmedia.com/how-to-write-a-linkedin-post/","1","How to Write a LinkedIn Post for engagement, with step-by-step guidance on hooks, structure, formatting, and optimal timing for maximum reach.","142","900","Indexable",""
"https://kerkarmedia.com/how-to-write-content-for-local-seo/","1","Learn how to write content for local SEO that ranks in your city and drives qualified foot traffic, calls, and enquiries.","121","706","Indexable",""
"https://kerkarmedia.com/how-ai-is-changing-seo/","1","How AI changed SEO in 2026, by a Mumbai agency running AI-native SEO every day. The Kerkar Media Method, a practical workflow for AI-era search covering AEO, GEO, schema, and content operations.","194","1248","Indexable",""
"https://kerkarmedia.com/off-page-seo/","1","The complete 2026 guide to off-page SEO and B2B link building from a Mumbai agency. Digital PR, HARO alternatives, guest posting, broken link building, and what actually earns links in B2B.","189","1170","Indexable",""
"https://kerkarmedia.com/seo-for-architects/","1","Learn how SEO for architects drives consistent project enquiries. Keyword strategy, local SEO, content, and technical tips built for architecture firms","151","908","Indexable",""
"https://kerkarmedia.com/inbound-b2b-lead-generation/","1","Inbound B2B lead generation built as a compounding system: SEO, lead magnets, CRO, nurture, and retargeting working as one pipeline engine, not five tactics.","157","978","Indexable",""
"https://kerkarmedia.com/keyword-research-for-b2b/","1","The complete B2B keyword research guide for 2026. How to find, evaluate, and map keywords using Ahrefs and Google Search Console, with a Mumbai agency's field-tested workflow.","175","1126","Indexable",""
"https://kerkarmedia.com/instagram-for-restaurants/","1","Here Are 10 Tips To Optimise Your Instagram For Restaurants. Read Now To Master Learn how to build an Instagram strategy that fills tables for your restaurant. Covers content planning, Reels, Stories, local hashtags, paid promotion, and how to convert followers into paying customers.","284","1769","Indexable",""
"https://kerkarmedia.com/linkedin-marketing-strategy/","1","Generate consistent B2B leads on LinkedIn without spending on ads. A step-by-step LinkedIn marketing strategy built for Indian SMEs and manufacturers.","150","952","Indexable",""
"https://kerkarmedia.com/content-marketing-trends/","1","Stay ahead of the content marketing curve. Explore the top content marketing trends shaping digital strategy in 2026, from AI-assisted creation and topical authority to interactive content and video-first formats.","213","1299","Indexable",""
"https://kerkarmedia.com/what-is-local-seo/","1","Discover what local SEO is, how it works, and why it matters for Indian businesses. Learn Google Business Profile, NAP, reviews, and ranking strategies.","152","932","Indexable",""
"https://kerkarmedia.com/seo-vs-google-ads-b2b-india/","1","SEO vs Google Ads for B2B companies in India a detailed comparison of cost, lead quality, timeline, and ROI to help you choose the right channel.","145","889","Indexable",""
"https://kerkarmedia.com/seo-for-packaging-manufacturers/","1","Learn how SEO for packaging manufacturers turns your product catalogue into a 24/7 lead engine. Discover keyword strategy, technical SEO, content tactics, and B2B lead generation methods that attract industrial buyers.","218","1370","Indexable",""
"https://kerkarmedia.com/technical-seo-checklist/","1","Master technical SEO with our comprehensive checklist covering crawlability, Core Web Vitals, structured data, site architecture, and more. Updated for 2026.","157","967","Indexable",""
"https://kerkarmedia.com/seo-for-healthcare/","1","Learn how SEO for healthcare works in India: local search, Google Maps, E-E-A-T, doctor profiles, and patient-intent keywords. Get a free audit.","144","875","Non-Indexable","noindex"
"https://kerkarmedia.com/digital-pr-b2b-link-building-2026/","1","The complete B2B Digital PR guide for 2026. How to earn editorial links from Economic Times, LiveMint, trade publications, and industry podcasts. A Mumbai agency's field-tested approach.","186","1160","Non-Indexable","noindex"
